<?xml version="1.0" encoding="UTF-8" standalone="yes"?>
<addon id="repository.arratiko" name="REPOSITORIO ARRATIKO" version="1.0.0" provider-name="Kurro">
    <extension point="xbmc.addon.repository" name="REPOSITORIO ARRATIKO">
        <dir>
            <info compressed="false">https://raw.githubusercontent.com/Arratiko/repository.arratiko/master/repo/zips/addons.xml</info>
            <checksum>https://raw.githubusercontent.com/Arratiko/repository.arratiko/master/repo/zips/addons.xml.md5</checksum>
            <datadir zip="true">https://raw.githubusercontent.com/Arratiko/repository.arratiko/master/repo/zips/</datadir>
        </dir>
    </extension>
    <extension point="xbmc.addon.metadata">
        <summary>Arratiko Repo</summary>
        <description>Repo de Arratiko Zekorra</description>
        <disclaimer></disclaimer>
        <platform>all</platform>
        <assets>
            <icon>icon.png</icon>
            <fanart>fanart.jpg</fanart>
        </assets>
    </extension>
</addon>
